Name,RollNumber,Age,Grades
Eva Doe Baya,52492,24,72.4
David Miller,74742,22,89.7
David Johnson,18735,23,99.0
Jane Garcia,61100,24,85.9
Frank Martinez,94996,24,72.6
Hannah Martinez,36457,24,72.7
Frank Doe,45626,24,99.8
Bob Williams,72342,20,94.9
Hannah Martinez,49380,21,72.8
Grace Doe,79758,25,83.3
Alice Martinez,74648,20,92.1
John Martinez,91228,20,98.5
Hannah Doe,40848,21,82.4
Eva Doe,50267,20,75.3
Eva Garcia,49736,20,77.5
Charlie Miller,87515,18,93.5
Grace Brown,66602,20,70.8
Frank Smith,81252,18,88.5
Charlie Smith,52430,19,92.3
John Johnson,16486,20,86.8
Bob Williams,64916,22,90.2
Eva Doe,30732,23,97.6
Bob Doe,31549,22,86.4
Bob Johnson,22679,25,92.6
Jane Brown,19125,23,95.3
Grace Doe,82158,24,91.6
Alice Doe,82544,23,84.5
Jane Garcia,31403,23,87.2
Grace Miller,91341,20,78.7
Eva Doe,40036,22,90.1
Grace Miller,58598,19,86.2
Alice Brown,52694,25,84.5
Grace Smith,60246,23,73.7
Hannah Garcia,48201,21,81.2
Hannah Williams,99617,18,90.1
Grace Garcia,83805,18,79.1
Bob Davis,94600,25,97.0
Alice Brown,80482,21,70.7
Grace Smith,51770,21,96.3
John Brown,47395,23,80.1
Eva Doe,21802,21,98.2
Bob Smith,30449,23,82.7
John Jones,89457,23,95.1
Charlie Doe,69095,24,88.4
Frank Miller,22310,24,72.5
Frank Johnson,88820,21,88.5
Eva Davis,86207,21,95.5
Grace Jones,36952,22,87.3
Frank Garcia,42714,19,82.9
Grace Johnson,41655,22,77.5
